Year,County,Value
1982,CHEYENNE,70.0
1983,CHEYENNE,32.0
1984,CHEYENNE,41.0
1985,CHEYENNE,66.0
1986,CHEYENNE,40.0
1987,CHEYENNE,65.0
1988,CHEYENNE,65.0
1989,CHEYENNE,33.0
1990,CHEYENNE,43.0
1991,CHEYENNE,60.0
1992,CHEYENNE,53.0
1993,CHEYENNE,66.9
1994,CHEYENNE,50.0
1995,CHEYENNE,32.0
1996,CHEYENNE,96.0
1997,CHEYENNE,61.0
1998,CHEYENNE,76.0
1999,CHEYENNE,77.0
2000,CHEYENNE,43.0
2001,CHEYENNE,46.0
2002,CHEYENNE,22.0
2003,CHEYENNE,54.0
2004,CHEYENNE,28.0
2005,CHEYENNE,48.0
2006,CHEYENNE,31.0
2007,CHEYENNE,63.0
2010,CHEYENNE,86.7
2011,CHEYENNE,72.7
2012,CHEYENNE,15.5
2016,CHEYENNE,111.0
2017,CHEYENNE,90.7
