Year,County,Value
1981,CLOUD,94.0
1982,CLOUD,90.0
1983,CLOUD,35.0
1984,CLOUD,69.0
1985,CLOUD,70.0
1986,CLOUD,110.0
1987,CLOUD,100.0
1988,CLOUD,49.0
1989,CLOUD,45.0
1990,CLOUD,44.8
1991,CLOUD,50.6
1992,CLOUD,81.5
1993,CLOUD,43.9
1994,CLOUD,81.0
1995,CLOUD,77.0
1996,CLOUD,86.0
1997,CLOUD,89.0
1998,CLOUD,118.0
1999,CLOUD,96.0
2000,CLOUD,76.0
2001,CLOUD,49.0
2002,CLOUD,27.0
2003,CLOUD,50.0
2004,CLOUD,130.0
2005,CLOUD,97.0
2006,CLOUD,55.0
2007,CLOUD,79.0
2009,CLOUD,139.0
2011,CLOUD,107.2
2012,CLOUD,54.4
2013,CLOUD,123.1
2015,CLOUD,150.5
