Year,County,Value
1981,DECATUR,72.0
1982,DECATUR,68.0
1983,DECATUR,39.0
1984,DECATUR,51.0
1985,DECATUR,78.0
1986,DECATUR,65.0
1987,DECATUR,80.0
1988,DECATUR,76.0
1989,DECATUR,49.0
1990,DECATUR,50.1
1991,DECATUR,62.0
1992,DECATUR,69.1
1993,DECATUR,69.5
1994,DECATUR,80.0
1995,DECATUR,33.0
1996,DECATUR,84.0
1997,DECATUR,71.0
1998,DECATUR,106.0
1999,DECATUR,109.0
2000,DECATUR,42.0
2001,DECATUR,60.0
2002,DECATUR,22.0
2003,DECATUR,31.0
2004,DECATUR,52.0
2005,DECATUR,67.0
2006,DECATUR,45.0
2007,DECATUR,85.0
2011,DECATUR,93.7
2012,DECATUR,24.9
2013,DECATUR,30.5
2015,DECATUR,78.3
