Year,County,Value
1981,DICKINSON,81.0
1982,DICKINSON,46.0
1983,DICKINSON,24.0
1984,DICKINSON,28.0
1985,DICKINSON,75.0
1986,DICKINSON,80.0
1987,DICKINSON,51.0
1988,DICKINSON,23.0
1989,DICKINSON,39.0
1990,DICKINSON,37.3
1991,DICKINSON,43.8
1992,DICKINSON,47.2
1993,DICKINSON,66.2
1994,DICKINSON,80.0
1995,DICKINSON,60.0
1996,DICKINSON,90.0
1997,DICKINSON,76.0
1998,DICKINSON,88.0
1999,DICKINSON,84.0
2000,DICKINSON,84.0
2001,DICKINSON,81.0
2002,DICKINSON,35.0
2003,DICKINSON,44.0
2004,DICKINSON,124.0
2005,DICKINSON,89.0
2006,DICKINSON,48.0
2007,DICKINSON,84.0
2010,DICKINSON,115.9
2011,DICKINSON,47.1
