Year,County,Value
1981,DONIPHAN,114
1982,DONIPHAN,128.5996739
1983,DONIPHAN,53
1984,DONIPHAN,151.0601852
1985,DONIPHAN,154.1141964
1986,DONIPHAN,180.3659633
1987,DONIPHAN,180.4255435
1988,DONIPHAN,116.7581053
1989,DONIPHAN,97.3686
1990,DONIPHAN,166.5864773
1991,DONIPHAN,156.1914773
1992,DONIPHAN,226.7225333
1993,DONIPHAN,138.1794382
1994,DONIPHAN,191.0797297
1995,DONIPHAN,140.4780822
1996,DONIPHAN,215.6468493
1997,DONIPHAN,178.1038356
1998,DONIPHAN,221.136375
1999,DONIPHAN,173.4837143
2000,DONIPHAN,189.7901449
2001,DONIPHAN,175.9841791
2002,DONIPHAN,138.9115556
2003,DONIPHAN,109.7404412
2004,DONIPHAN,228.507013
2005,DONIPHAN,167.921473
2006,DONIPHAN,188.0084275
2007,DONIPHAN,176.8880286
2008,DONIPHAN,197.7561545
2009,DONIPHAN,209.6183243
2010,DONIPHAN,117.6174028
2011,DONIPHAN,164.0305958
2012,DONIPHAN,118.2296361
2013,DONIPHAN,218.9475652
2014,DONIPHAN,222.4257343
2015,DONIPHAN,205.7425978
2016,DONIPHAN,161.4428089
2017,DONIPHAN,185
2018,DONIPHAN,245.2317716
2019,DONIPHAN,232.5159691
2020,DONIPHAN,200.4694398
