Year,County,Value
1981,FRANKLIN,103
1982,FRANKLIN,77
1983,FRANKLIN,30
1984,FRANKLIN,97.41034483
1985,FRANKLIN,131.9841176
1986,FRANKLIN,154.0287838
1987,FRANKLIN,119.7640385
1988,FRANKLIN,116.5440984
1989,FRANKLIN,136.2014865
1990,FRANKLIN,134.6198551
1991,FRANKLIN,39.5
1992,FRANKLIN,181.5693846
1993,FRANKLIN,108.3038
1994,FRANKLIN,135.1346939
1995,FRANKLIN,102.9340385
1996,FRANKLIN,154.6445238
1997,FRANKLIN,154.8172727
1998,FRANKLIN,136.6592
1999,FRANKLIN,104.6218367
2000,FRANKLIN,98.09836735
2001,FRANKLIN,106.001087
2002,FRANKLIN,39.60823529
2004,FRANKLIN,161.4910903
2005,FRANKLIN,146.4687288
2006,FRANKLIN,129.4471328
2007,FRANKLIN,110.4038712
2008,FRANKLIN,122.0438112
2009,FRANKLIN,107.5470623
2010,FRANKLIN,85.95264597
2011,FRANKLIN,24.82779762
2012,FRANKLIN,15.22477778
2013,FRANKLIN,141.0361111
2018,FRANKLIN,100.3528828
2019,FRANKLIN,154.7739788
2020,FRANKLIN,156.5059733
