Year,County,Value
1982,GREELEY,34
1983,GREELEY,36
1988,GREELEY,31
1990,GREELEY,55.3
1991,GREELEY,45.5
1992,GREELEY,58
1993,GREELEY,52.5
1994,GREELEY,53
1995,GREELEY,49
1996,GREELEY,109
1997,GREELEY,73
1998,GREELEY,90
1999,GREELEY,94
2000,GREELEY,48
2001,GREELEY,51
2002,GREELEY,22
2003,GREELEY,18
2004,GREELEY,40
2005,GREELEY,53
2007,GREELEY,57
2008,GREELEY,96.75
2009,GREELEY,108.5
2010,GREELEY,69.3
2011,GREELEY,54.5
2012,GREELEY,16.4
2017,GREELEY,99.4
2018,GREELEY,79.3
