Year,County,Value
1982,HARVEY,45.0
1983,HARVEY,30.0
1984,HARVEY,34.0
1986,HARVEY,83.0
1987,HARVEY,43.0
1988,HARVEY,61.0
1989,HARVEY,69.0
1990,HARVEY,47.9
1991,HARVEY,37.2
1992,HARVEY,71.0
1993,HARVEY,42.0
1994,HARVEY,57.0
1995,HARVEY,63.0
1996,HARVEY,65.0
1997,HARVEY,89.0
1998,HARVEY,71.0
1999,HARVEY,94.0
2000,HARVEY,85.0
2001,HARVEY,57.0
2002,HARVEY,55.0
2003,HARVEY,56.0
2004,HARVEY,109.0
2005,HARVEY,84.0
2006,HARVEY,62.0
2007,HARVEY,106.0
2010,HARVEY,76.4
2012,HARVEY,50.1
2013,HARVEY,79.7
2014,HARVEY,111.6
2015,HARVEY,105.0
2016,HARVEY,115.6
2017,HARVEY,74.9
2018,HARVEY,89.8
