Year,County,Value
1981,JEWELL,76.0
1982,JEWELL,43.0
1983,JEWELL,34.0
1984,JEWELL,38.0
1985,JEWELL,88.0
1986,JEWELL,75.0
1987,JEWELL,50.0
1988,JEWELL,57.0
1989,JEWELL,45.0
1990,JEWELL,75.6
1991,JEWELL,42.1
1992,JEWELL,96.2
1993,JEWELL,71.9
1994,JEWELL,81.0
1995,JEWELL,65.0
1996,JEWELL,102.0
1997,JEWELL,81.0
1998,JEWELL,130.0
1999,JEWELL,84.0
2000,JEWELL,55.0
2001,JEWELL,89.0
2002,JEWELL,27.0
2003,JEWELL,50.0
2004,JEWELL,128.0
2005,JEWELL,102.0
2006,JEWELL,79.0
2007,JEWELL,101.0
2010,JEWELL,99.7
2012,JEWELL,59.2
2017,JEWELL,117.8
