Year,County,Value
1982,KIOWA,38.0
1983,KIOWA,50.0
1984,KIOWA,35.0
1985,KIOWA,71.0
1986,KIOWA,61.0
1987,KIOWA,54.0
1988,KIOWA,60.0
1989,KIOWA,47.0
1990,KIOWA,28.5
1991,KIOWA,32.0
1992,KIOWA,52.0
1993,KIOWA,50.8
1994,KIOWA,42.0
1995,KIOWA,50.0
1996,KIOWA,50.0
1997,KIOWA,86.0
1998,KIOWA,44.0
1999,KIOWA,74.0
2000,KIOWA,76.0
2001,KIOWA,23.0
2002,KIOWA,22.0
2003,KIOWA,23.0
2004,KIOWA,63.0
2005,KIOWA,55.0
2006,KIOWA,28.0
2010,KIOWA,76.7
2012,KIOWA,36.1
2013,KIOWA,50.4
2014,KIOWA,119.6
