Year,County,Value
1981,LABETTE,66
1982,LABETTE,58
1983,LABETTE,33
1984,LABETTE,55
1985,LABETTE,65
1986,LABETTE,81
1987,LABETTE,112
1988,LABETTE,68
1989,LABETTE,49
1990,LABETTE,43.5
1991,LABETTE,37.5
1992,LABETTE,137.0403704
1993,LABETTE,108.532963
1994,LABETTE,101.7578947
1995,LABETTE,126.2346667
1996,LABETTE,99.12029412
1997,LABETTE,173.0316
1998,LABETTE,111.8245455
1999,LABETTE,140.5103704
2000,LABETTE,168.8271875
2001,LABETTE,154.3756
2002,LABETTE,125.69
2003,LABETTE,67.26130435
2004,LABETTE,174.4149121
2005,LABETTE,167.3767608
2006,LABETTE,89.17207914
2007,LABETTE,181.9929395
2009,LABETTE,142.3432831
2010,LABETTE,153.5743704
2012,LABETTE,45.03570313
2013,LABETTE,96.13808985
2014,LABETTE,180.2106018
2015,LABETTE,163.8707023
2017,LABETTE,142.243573
2018,LABETTE,63.69576265
2019,LABETTE,143.54
2020,LABETTE,105.6940421
