Year,County,Value
1981,MARION,84.0
1982,MARION,50.0
1983,MARION,29.0
1984,MARION,29.0
1985,MARION,60.0
1986,MARION,76.0
1987,MARION,71.0
1988,MARION,69.0
1989,MARION,50.0
1990,MARION,37.4
1991,MARION,29.4
1992,MARION,84.3
1993,MARION,61.1
1994,MARION,55.0
1995,MARION,70.0
1996,MARION,69.0
1997,MARION,74.0
1998,MARION,83.0
1999,MARION,86.0
2000,MARION,83.0
2002,MARION,47.0
2004,MARION,119.0
2005,MARION,72.0
2006,MARION,50.0
2007,MARION,105.0
2008,MARION,88.0
2010,MARION,90.1
2011,MARION,21.4
2012,MARION,46.4
2013,MARION,92.1
2014,MARION,97.4
