Year,County,Value
1981,MCPHERSON,86.0
1982,MCPHERSON,70.0
1983,MCPHERSON,35.0
1984,MCPHERSON,36.0
1985,MCPHERSON,70.0
1986,MCPHERSON,89.0
1987,MCPHERSON,49.0
1988,MCPHERSON,36.0
1989,MCPHERSON,30.0
1990,MCPHERSON,36.8
1991,MCPHERSON,40.0
1992,MCPHERSON,56.6
1993,MCPHERSON,63.3
1994,MCPHERSON,48.0
1995,MCPHERSON,64.0
1996,MCPHERSON,93.0
1997,MCPHERSON,86.0
1998,MCPHERSON,72.0
1999,MCPHERSON,99.0
2000,MCPHERSON,85.0
2001,MCPHERSON,55.0
2002,MCPHERSON,35.0
2003,MCPHERSON,64.0
2004,MCPHERSON,120.0
2005,MCPHERSON,75.0
2006,MCPHERSON,54.0
2007,MCPHERSON,106.0
2009,MCPHERSON,115.0
2010,MCPHERSON,86.3
2012,MCPHERSON,39.6
2013,MCPHERSON,85.9
2014,MCPHERSON,105.9
2015,MCPHERSON,99.1
2016,MCPHERSON,119.8
2017,MCPHERSON,75.9
2018,MCPHERSON,70.1
