Year,County,Value
1981,MITCHELL,60.0
1982,MITCHELL,42.0
1983,MITCHELL,35.0
1985,MITCHELL,80.0
1986,MITCHELL,89.0
1990,MITCHELL,67.3
1991,MITCHELL,39.0
1992,MITCHELL,90.0
1993,MITCHELL,68.3
1994,MITCHELL,88.0
1995,MITCHELL,68.0
1996,MITCHELL,81.0
1997,MITCHELL,73.0
1998,MITCHELL,121.0
1999,MITCHELL,77.0
2000,MITCHELL,55.0
2002,MITCHELL,30.0
2003,MITCHELL,38.0
2004,MITCHELL,110.0
2005,MITCHELL,90.0
2006,MITCHELL,49.0
2007,MITCHELL,108.0
2008,MITCHELL,107.0
2010,MITCHELL,100.0
2011,MITCHELL,93.4
2012,MITCHELL,41.5
2013,MITCHELL,114.0
2014,MITCHELL,84.3
2016,MITCHELL,131.8
2017,MITCHELL,76.4
2018,MITCHELL,114.9
