Year,County,Value
1981,NEOSHO,61
1982,NEOSHO,65
1983,NEOSHO,37
1984,NEOSHO,50
1985,NEOSHO,83
1986,NEOSHO,91
1987,NEOSHO,90
1988,NEOSHO,75
1989,NEOSHO,65
1990,NEOSHO,76.2
1991,NEOSHO,50.9
1992,NEOSHO,114.8
1993,NEOSHO,68
1994,NEOSHO,70
1995,NEOSHO,72
1996,NEOSHO,176.352
1997,NEOSHO,209.2408333
1998,NEOSHO,162.9997826
1999,NEOSHO,101.9664286
2000,NEOSHO,161.9326829
2001,NEOSHO,201.038
2002,NEOSHO,188.9385
2003,NEOSHO,195.6844
2004,NEOSHO,183.1522349
2006,NEOSHO,137.2970588
2008,NEOSHO,189.1413193
2010,NEOSHO,188.4054307
2012,NEOSHO,145.4475049
2014,NEOSHO,230.9761264
2015,NEOSHO,175.9153788
2017,NEOSHO,158.5545736
2018,NEOSHO,152.7890098
