Year,County,Value
1981,NORTON,50.0
1982,NORTON,49.0
1983,NORTON,34.0
1984,NORTON,53.0
1985,NORTON,80.0
1986,NORTON,55.0
1987,NORTON,74.0
1988,NORTON,53.0
1989,NORTON,38.0
1990,NORTON,49.6
1991,NORTON,46.7
1992,NORTON,85.4
1993,NORTON,79.6
1994,NORTON,77.0
1995,NORTON,36.0
1996,NORTON,89.0
1997,NORTON,77.0
1998,NORTON,117.0
1999,NORTON,106.0
2000,NORTON,47.0
2001,NORTON,73.0
2002,NORTON,40.0
2003,NORTON,40.0
2004,NORTON,32.0
2005,NORTON,75.0
2006,NORTON,54.0
2007,NORTON,70.0
2009,NORTON,99.0
