Year,County,Value
1981,OSBORNE,72.0
1982,OSBORNE,63.0
1983,OSBORNE,36.0
1985,OSBORNE,68.0
1990,OSBORNE,60.5
1991,OSBORNE,36.0
1992,OSBORNE,77.5
1993,OSBORNE,81.3
1994,OSBORNE,82.0
1995,OSBORNE,90.0
1996,OSBORNE,90.0
1997,OSBORNE,77.0
1998,OSBORNE,87.0
1999,OSBORNE,93.0
2000,OSBORNE,77.0
2001,OSBORNE,47.0
2002,OSBORNE,36.0
2003,OSBORNE,50.0
2004,OSBORNE,109.0
2005,OSBORNE,74.0
2006,OSBORNE,34.0
2007,OSBORNE,105.0
2009,OSBORNE,115.0
2011,OSBORNE,88.2
2014,OSBORNE,87.8
2016,OSBORNE,121.6
2017,OSBORNE,74.5
