Year,County,Value
1981,PHILLIPS,62.0
1982,PHILLIPS,50.0
1983,PHILLIPS,41.0
1984,PHILLIPS,47.0
1985,PHILLIPS,75.0
1986,PHILLIPS,70.0
1987,PHILLIPS,56.0
1988,PHILLIPS,59.0
1989,PHILLIPS,46.0
1990,PHILLIPS,50.5
1991,PHILLIPS,40.8
1992,PHILLIPS,82.0
1993,PHILLIPS,69.0
1994,PHILLIPS,82.0
1995,PHILLIPS,44.0
1996,PHILLIPS,84.0
1997,PHILLIPS,77.0
1998,PHILLIPS,105.0
1999,PHILLIPS,105.0
2000,PHILLIPS,54.0
2001,PHILLIPS,75.0
2003,PHILLIPS,22.0
2004,PHILLIPS,42.0
2005,PHILLIPS,79.0
2006,PHILLIPS,48.0
2007,PHILLIPS,88.0
2011,PHILLIPS,94.4
2013,PHILLIPS,38.5
