Year,County,Value
1981,POTTAWATOMIE,90
1982,POTTAWATOMIE,91
1983,POTTAWATOMIE,29
1984,POTTAWATOMIE,82
1985,POTTAWATOMIE,100
1986,POTTAWATOMIE,117
1987,POTTAWATOMIE,89
1988,POTTAWATOMIE,76
1989,POTTAWATOMIE,69
1990,POTTAWATOMIE,80.5
1991,POTTAWATOMIE,51.1
1992,POTTAWATOMIE,137.1
1993,POTTAWATOMIE,71.5
1994,POTTAWATOMIE,91
1995,POTTAWATOMIE,74
2001,POTTAWATOMIE,107
2002,POTTAWATOMIE,41
2003,POTTAWATOMIE,59
2004,POTTAWATOMIE,153
2005,POTTAWATOMIE,130
2006,POTTAWATOMIE,87
2007,POTTAWATOMIE,127
2009,POTTAWATOMIE,138.9064105
2010,POTTAWATOMIE,137.3631013
2011,POTTAWATOMIE,50.91313225
2012,POTTAWATOMIE,76.3
2013,POTTAWATOMIE,153.0380359
2015,POTTAWATOMIE,177.0719846
2016,POTTAWATOMIE,164.9542717
2017,POTTAWATOMIE,164.6259949
2018,POTTAWATOMIE,111.536989
2019,POTTAWATOMIE,173.8763605
2020,POTTAWATOMIE,126.3287987
