Year,County,Value
1981,PRATT,54.0
1982,PRATT,65.0
1983,PRATT,51.0
1984,PRATT,35.0
1985,PRATT,66.0
1986,PRATT,81.0
1987,PRATT,44.0
1988,PRATT,53.0
1990,PRATT,33.1
1991,PRATT,32.8
1992,PRATT,70.0
1993,PRATT,65.8
1994,PRATT,56.0
1995,PRATT,50.0
1996,PRATT,46.0
1997,PRATT,86.0
1998,PRATT,54.0
1999,PRATT,69.0
2000,PRATT,83.0
2001,PRATT,28.0
2002,PRATT,38.0
2004,PRATT,84.0
2005,PRATT,68.0
2006,PRATT,44.0
2007,PRATT,87.0
2009,PRATT,60.0
2010,PRATT,87.2
2011,PRATT,20.0
2016,PRATT,65.9
2017,PRATT,51.6
2018,PRATT,100.1
