Year,County,Value
1981,RAWLINS,84.0
1982,RAWLINS,68.0
1983,RAWLINS,36.0
1984,RAWLINS,57.0
1985,RAWLINS,88.0
1986,RAWLINS,45.0
1987,RAWLINS,66.0
1988,RAWLINS,48.0
1989,RAWLINS,34.0
1990,RAWLINS,45.3
1991,RAWLINS,49.0
1992,RAWLINS,75.1
1993,RAWLINS,74.5
1994,RAWLINS,60.0
1995,RAWLINS,33.0
1996,RAWLINS,79.0
1997,RAWLINS,54.0
1998,RAWLINS,111.0
1999,RAWLINS,109.0
2000,RAWLINS,31.0
2001,RAWLINS,51.0
2002,RAWLINS,21.0
2003,RAWLINS,28.0
2004,RAWLINS,48.0
2005,RAWLINS,60.0
2006,RAWLINS,36.0
2007,RAWLINS,87.0
2010,RAWLINS,96.0
2011,RAWLINS,80.8
2013,RAWLINS,39.3
2017,RAWLINS,118.6
