Year,County,Value
1981,REPUBLIC,74
1982,REPUBLIC,60
1983,REPUBLIC,29
1984,REPUBLIC,80
1985,REPUBLIC,80
1986,REPUBLIC,88
1987,REPUBLIC,82
1988,REPUBLIC,37
1989,REPUBLIC,59
1990,REPUBLIC,65.1
1991,REPUBLIC,31
1992,REPUBLIC,101.2
1993,REPUBLIC,88.2
1994,REPUBLIC,85
1995,REPUBLIC,75
1996,REPUBLIC,89
1997,REPUBLIC,75
1998,REPUBLIC,99
1999,REPUBLIC,99
2000,REPUBLIC,61
2001,REPUBLIC,84
2002,REPUBLIC,32
2003,REPUBLIC,36
2004,REPUBLIC,109
2005,REPUBLIC,99
2006,REPUBLIC,89
2007,REPUBLIC,147.9365079
2008,REPUBLIC,177.6896641
2009,REPUBLIC,214.6383936
2010,REPUBLIC,185.0406762
2011,REPUBLIC,173.216129
2014,REPUBLIC,167.7827412
2015,REPUBLIC,149.8489196
2016,REPUBLIC,162.4848485
2017,REPUBLIC,193.5957447
2018,REPUBLIC,87.54948372
2019,REPUBLIC,184.9066667
2020,REPUBLIC,180.5469552
