Year,County,Value
1981,SALINE,98
1982,SALINE,62
1983,SALINE,31
1984,SALINE,54
1985,SALINE,70
1986,SALINE,77
1987,SALINE,57
1988,SALINE,46
1989,SALINE,66
1990,SALINE,37.1
1991,SALINE,29.2
1992,SALINE,94
1993,SALINE,58.8
1994,SALINE,79
1995,SALINE,37
1996,SALINE,105
1997,SALINE,99
1998,SALINE,84
1999,SALINE,101
2000,SALINE,96
2001,SALINE,44
2002,SALINE,27
2003,SALINE,47
2005,SALINE,79
2006,SALINE,44
2008,SALINE,105
2009,SALINE,115
2010,SALINE,94.5
2011,SALINE,44.7
2012,SALINE,26.3
2013,SALINE,118.2
2014,SALINE,88
2015,SALINE,96
2016,SALINE,109
2017,SALINE,73.1
2018,SALINE,60.9
