Year,County,Value
1982,SEDGWICK,35.0
1983,SEDGWICK,40.0
1984,SEDGWICK,35.0
1985,SEDGWICK,61.0
1986,SEDGWICK,103.0
1987,SEDGWICK,56.0
1988,SEDGWICK,35.0
1989,SEDGWICK,49.0
1990,SEDGWICK,25.3
1991,SEDGWICK,25.7
1992,SEDGWICK,65.0
1993,SEDGWICK,48.3
1994,SEDGWICK,59.0
1995,SEDGWICK,70.0
1996,SEDGWICK,50.0
1997,SEDGWICK,64.0
1998,SEDGWICK,69.0
1999,SEDGWICK,68.0
2000,SEDGWICK,103.0
2001,SEDGWICK,65.0
2002,SEDGWICK,68.0
2003,SEDGWICK,65.0
2004,SEDGWICK,110.0
2005,SEDGWICK,85.0
2006,SEDGWICK,64.0
2007,SEDGWICK,98.0
2009,SEDGWICK,94.0
2010,SEDGWICK,84.3
2011,SEDGWICK,23.8
2012,SEDGWICK,49.5
2013,SEDGWICK,77.3
2014,SEDGWICK,116.2
2018,SEDGWICK,83.3
