Year,County,Value
1981,SHAWNEE,93
1982,SHAWNEE,79
1983,SHAWNEE,43
1984,SHAWNEE,91
1985,SHAWNEE,106
1986,SHAWNEE,104
1987,SHAWNEE,109
1988,SHAWNEE,75
1989,SHAWNEE,71
1990,SHAWNEE,94.1
1991,SHAWNEE,59.5
1992,SHAWNEE,130.8
1993,SHAWNEE,65.6
1994,SHAWNEE,88
1995,SHAWNEE,75
1996,SHAWNEE,163.286
1997,SHAWNEE,88.51294118
1998,SHAWNEE,159.1927586
1999,SHAWNEE,110.1078571
2000,SHAWNEE,141.4892683
2001,SHAWNEE,135.034375
2002,SHAWNEE,50.52193548
2003,SHAWNEE,64.26292683
2004,SHAWNEE,206.8041879
2005,SHAWNEE,182.3774174
2006,SHAWNEE,111.9519567
2007,SHAWNEE,174.2521976
2008,SHAWNEE,162.0920073
2009,SHAWNEE,185.7881655
2010,SHAWNEE,132.3119048
2011,SHAWNEE,68.47953571
2012,SHAWNEE,69.3375
2013,SHAWNEE,99.82575758
2014,SHAWNEE,195.3274646
2015,SHAWNEE,192.5644966
2016,SHAWNEE,179.7970164
2017,SHAWNEE,202.3067037
2018,SHAWNEE,106.7536896
2019,SHAWNEE,220.7783605
2020,SHAWNEE,192.3912052
