Year,County,Value
1981,SHERMAN,98.0
1982,SHERMAN,53.0
1983,SHERMAN,30.0
1984,SHERMAN,40.0
1985,SHERMAN,70.0
1986,SHERMAN,45.0
1987,SHERMAN,40.0
1988,SHERMAN,65.0
1989,SHERMAN,25.0
1990,SHERMAN,33.0
1991,SHERMAN,48.0
1992,SHERMAN,60.0
1993,SHERMAN,90.4
1994,SHERMAN,40.0
1995,SHERMAN,32.0
1996,SHERMAN,100.0
1997,SHERMAN,71.0
1998,SHERMAN,89.0
1999,SHERMAN,104.0
2000,SHERMAN,51.0
2001,SHERMAN,43.0
2002,SHERMAN,36.0
2003,SHERMAN,24.0
2004,SHERMAN,29.0
2005,SHERMAN,36.0
2006,SHERMAN,22.0
2007,SHERMAN,53.0
2009,SHERMAN,107.0
2010,SHERMAN,87.0
2011,SHERMAN,70.4
2016,SHERMAN,86.6
2017,SHERMAN,94.7
2018,SHERMAN,73.3
