Year,County,Value
1983,SHERIDAN,36.0
1984,SHERIDAN,42.0
1985,SHERIDAN,80.0
1986,SHERIDAN,55.0
1987,SHERIDAN,46.0
1988,SHERIDAN,40.0
1989,SHERIDAN,30.0
1990,SHERIDAN,53.5
1991,SHERIDAN,40.0
1992,SHERIDAN,95.0
1993,SHERIDAN,88.4
1994,SHERIDAN,64.0
1995,SHERIDAN,48.0
1996,SHERIDAN,104.0
1997,SHERIDAN,89.0
1998,SHERIDAN,116.0
1999,SHERIDAN,106.0
2000,SHERIDAN,49.0
2001,SHERIDAN,81.0
2002,SHERIDAN,32.0
2003,SHERIDAN,26.0
2004,SHERIDAN,43.0
2005,SHERIDAN,65.0
2006,SHERIDAN,35.0
2007,SHERIDAN,73.0
2009,SHERIDAN,116.0
2010,SHERIDAN,67.9
2012,SHERIDAN,32.3
2014,SHERIDAN,60.7
