Year,County,Value
1982,STAFFORD,33
1983,STAFFORD,32
1985,STAFFORD,66
1986,STAFFORD,70
1987,STAFFORD,58
1988,STAFFORD,38
1990,STAFFORD,24.2
1991,STAFFORD,23.5
1992,STAFFORD,72.5
1993,STAFFORD,60.9
1994,STAFFORD,43
1995,STAFFORD,46
1996,STAFFORD,63
1997,STAFFORD,93
1998,STAFFORD,67
1999,STAFFORD,85
2000,STAFFORD,74
2001,STAFFORD,31
2002,STAFFORD,32
2003,STAFFORD,26
2004,STAFFORD,83
2005,STAFFORD,79
2006,STAFFORD,49
2007,STAFFORD,79
2009,STAFFORD,77
2010,STAFFORD,68.4
2012,STAFFORD,26.6
2013,STAFFORD,84.9
2016,STAFFORD,76.7
2018,STAFFORD,82.2
