Year,County,Value
1981,SUMNER,52.0
1982,SUMNER,40.0
1983,SUMNER,30.0
1984,SUMNER,30.0
1985,SUMNER,75.0
1986,SUMNER,65.0
1987,SUMNER,61.0
1988,SUMNER,33.0
1989,SUMNER,46.0
1990,SUMNER,33.8
1991,SUMNER,28.2
1992,SUMNER,72.8
1993,SUMNER,35.0
1994,SUMNER,34.0
1995,SUMNER,56.0
1996,SUMNER,51.0
1997,SUMNER,73.0
1998,SUMNER,58.0
1999,SUMNER,76.0
2000,SUMNER,73.0
2001,SUMNER,51.0
2002,SUMNER,65.0
2003,SUMNER,58.0
2004,SUMNER,89.0
2005,SUMNER,99.0
2006,SUMNER,57.0
2007,SUMNER,104.0
2009,SUMNER,87.0
2011,SUMNER,20.5
2012,SUMNER,40.4
2014,SUMNER,115.5
2015,SUMNER,103.7
2017,SUMNER,74.2
2018,SUMNER,104.9
