Year,County,Value
1982,THOMAS,75
1983,THOMAS,38
1984,THOMAS,50
1985,THOMAS,70
1986,THOMAS,45
1987,THOMAS,66
1988,THOMAS,70
1989,THOMAS,40
1990,THOMAS,39.4
1991,THOMAS,47
1992,THOMAS,65.2
1993,THOMAS,72.9
1994,THOMAS,57
1995,THOMAS,26
1996,THOMAS,100
1997,THOMAS,71
1998,THOMAS,114
1999,THOMAS,113
2000,THOMAS,49
2001,THOMAS,54
2002,THOMAS,36
2003,THOMAS,20
2004,THOMAS,48
2005,THOMAS,52
2006,THOMAS,30
2007,THOMAS,91
2008,THOMAS,85.1
2009,THOMAS,141
2010,THOMAS,85.6
2011,THOMAS,71
2012,THOMAS,20.5
2014,THOMAS,76.5
2016,THOMAS,95.1
2017,THOMAS,151.8
2018,THOMAS,130.44
2019,THOMAS,152.23
2020,THOMAS,122.4
