Year,County,Value
1982,WALLACE,32.0
1985,WALLACE,65.0
1986,WALLACE,49.0
1987,WALLACE,73.0
1989,WALLACE,45.0
1990,WALLACE,41.5
1991,WALLACE,35.7
1992,WALLACE,46.7
1993,WALLACE,64.7
1994,WALLACE,46.0
1995,WALLACE,36.0
1996,WALLACE,67.0
1997,WALLACE,64.0
1998,WALLACE,97.0
1999,WALLACE,88.0
2000,WALLACE,36.0
2001,WALLACE,40.0
2002,WALLACE,24.0
2003,WALLACE,27.0
2004,WALLACE,77.0
2005,WALLACE,62.0
2006,WALLACE,39.0
2007,WALLACE,67.0
2009,WALLACE,91.0
2010,WALLACE,77.3
2012,WALLACE,12.2
2017,WALLACE,100.3
