Year,County,Value
1981,WASHINGTON,99.0
1982,WASHINGTON,85.0
1983,WASHINGTON,34.0
1984,WASHINGTON,49.0
1985,WASHINGTON,93.0
1986,WASHINGTON,105.0
1987,WASHINGTON,78.0
1988,WASHINGTON,37.0
1989,WASHINGTON,26.0
1990,WASHINGTON,76.7
1991,WASHINGTON,37.0
1992,WASHINGTON,107.4
1993,WASHINGTON,67.1
1994,WASHINGTON,99.0
1995,WASHINGTON,85.0
1996,WASHINGTON,99.0
1997,WASHINGTON,75.0
1998,WASHINGTON,107.0
1999,WASHINGTON,92.0
2000,WASHINGTON,70.0
2001,WASHINGTON,78.0
2002,WASHINGTON,32.0
2003,WASHINGTON,26.0
2004,WASHINGTON,109.0
2005,WASHINGTON,99.0
2006,WASHINGTON,63.0
2007,WASHINGTON,104.0
2008,WASHINGTON,111.0
2009,WASHINGTON,125.0
2010,WASHINGTON,96.4
2011,WASHINGTON,99.8
2013,WASHINGTON,107.3
2014,WASHINGTON,107.6
2016,WASHINGTON,120.2
