Year,County,Value
1982,WICHITA,36.0
1983,WICHITA,46.0
1991,WICHITA,35.0
1992,WICHITA,70.0
1993,WICHITA,47.8
1994,WICHITA,53.0
1995,WICHITA,42.0
1996,WICHITA,97.0
1997,WICHITA,74.0
1998,WICHITA,105.0
1999,WICHITA,88.0
2000,WICHITA,42.0
2001,WICHITA,53.0
2002,WICHITA,29.0
2004,WICHITA,70.0
2005,WICHITA,67.0
2006,WICHITA,34.0
2007,WICHITA,79.0
2010,WICHITA,73.6
2011,WICHITA,60.3
2012,WICHITA,28.2
2013,WICHITA,39.1
2014,WICHITA,59.6
2016,WICHITA,116.6
2017,WICHITA,120.5
2018,WICHITA,90.5
